,customer_type,review_score
0,リピーター,4.092285680219387
1,非リピーター,4.026784894714619
