,customer_type,ratio
0,非リピーター,0.9285172463755764
1,リピーター,0.07148275362442363
